{"cameraMode":{"drawMode":0,"name":"Shaded","section":"Shading Mode"},"sceneLighting":true,"audioPlay":false,"sceneViewState":{"m_AlwaysRefresh":false,"showFog":true,"showSkybox":true,"showFlares":true,"showImageEffects":true,"showParticleSystems":true,"showVisualEffectGraphs":true,"m_FxEnabled":true},"in2DMode":false,"pivot":{"x":-1.2529667615890504,"y":0.17173850536346436,"z":1.4663642644882203},"rotation":{"x":0.22786542773246766,"y":-0.10696057975292206,"z":0.025195373222231866,"w":0.967481255531311},"size":2.341212272644043,"orthographic":false}